{"train/loss": 0.6931, "train/learning_rate": 6.802721088435374e-10, "train/rewards/chosen": 0.0, "train/rewards/rejected": 0.0, "train/rewards/accuracies": 0.0, "train/rewards/margins": 0.0, "train/logps/rejected": -13.001327514648438, "train/logps/chosen": -11.076022148132324, "train/logits/rejected": -2.0474040508270264, "train/logits/chosen": -2.0505549907684326, "train/epoch": 0.0, "train/global_step": 1, "_timestamp": 1733521414.8189416, "_runtime": 20.266425609588623, "_step": 0}